{
  "split": "test",
  "best_prompt": "point",
  "success_rate": 0.0273224043715847,
  "per_prompt_error": {
    "point": 307.78768119672134
  },
  "per_category_error": {
    "spatula": 89.21061925000001,
    "mouse": 127.10126825,
    "umbrella": 132.34382275000002,
    "tomato": 138.755515,
    "onion": 144.949581,
    "egg": 165.37992425,
    "keys": 169.22942824999998,
    "book": 170.39486774999997,
    "knife": 180.61798375,
    "stapler": 180.868648,
    "pen": 187.76764199999997,
    "watch": 193.31187325,
    "shoe": 209.11048599999998,
    "spoon": 213.936758,
    "mug": 215.51638574999998,
    "phone": 216.8286095,
    "hairbrush": 221.749287,
    "calculator": 227.26359424999998,
    "t-shirt": 227.74096400000002,
    "remote": 238.66355299999998,
    "bowl": 239.78389199999998,
    "scissor": 250.39380375,
    "sock": 260.75678275,
    "plate": 261.96049800000003,
    "bottle": 265.24708425,
    "kettle": 270.41055375,
    "jar": 275.5085825,
    "backpack": 276.34937525,
    "wallet": 287.95002150000005,
    "marker": 289.989485,
    "laptop": 308.05885825,
    "notebook": 311.8371945,
    "pot": 359.29884975,
    "keyboard": 376.17968149999996,
    "glove": 377.8599375,
    "apple": 378.54038875,
    "charger": 387.36273124999997,
    "fork": 393.8793035,
    "toothbrush": 399.689049,
    "basket": 430.8317065,
    "earbuds": 445.53622199999995,
    "tape": 473.9051985,
    "headphones": 497.34845599999994,
    "tray": 552.9669912500001,
    "highlighter": 724.293819,
    "bag": 731.22243125,
    "cup": 767.96537975,
    "pan": 812.93692925
  },
  "prompt_sensitivity": null,
  "prompt_consistency": null
}