{
  "split": "val",
  "best_prompt": "point to the {label}.",
  "success_rate": 0.4371584699453552,
  "per_prompt_error": {
    "point to the {label}.": 18.62442722775375,
    "grasp the {label}.": 19.2453613043356,
    "{label}.": 19.46448045684837,
    "hold the {label}.": 20.01349255665399,
    "point to where you would grasp this {label}.": 20.071846778767018,
    "pick up the {label}.": 20.22868720138587
  },
  "per_category_error": {
    "mouse": 1.1038193941093357,
    "watch": 1.163833099925068,
    "pen": 3.7503939840718856,
    "keyboard": 4.913094716665275,
    "knife": 5.002057417809369,
    "scissor": 5.061688599761738,
    "remote": 5.507799755804533,
    "calculator": 5.779797721338424,
    "toothbrush": 6.458593484799499,
    "marker": 6.500638868624485,
    "hairbrush": 6.783132827882214,
    "headphones": 7.389105555339466,
    "umbrella": 7.605501820897208,
    "sock": 7.743159391185294,
    "phone": 9.418200313668898,
    "laptop": 12.233095878687623,
    "highlighter": 12.384329929698142,
    "basket": 13.05663209069139,
    "t-shirt": 13.746072712533755,
    "apple": 13.987561606361202,
    "pot": 14.201403718619629,
    "charger": 14.979882610361587,
    "spoon": 15.907371805525665,
    "shoe": 16.25119723491406,
    "backpack": 17.703100231217427,
    "kettle": 18.471285128147223,
    "onion": 19.063200851830015,
    "spatula": 19.12363531616146,
    "wallet": 19.617074105888456,
    "cup": 19.76089362698095,
    "bottle": 20.681757102492995,
    "stapler": 20.78364176647204,
    "fork": 22.63633853394162,
    "notebook": 23.2435278251818,
    "earbuds": 24.151275733841235,
    "glove": 25.85295411353825,
    "book": 27.845808678892176,
    "mug": 29.724951132351126,
    "egg": 30.785448937543755,
    "pan": 30.886795017365934,
    "bag": 35.86458358576432,
    "keys": 36.81378327028988,
    "bowl": 37.30634503825445,
    "jar": 38.11992197785868,
    "tomato": 39.166848167158605,
    "tray": 40.173009484977094,
    "tape": 44.8880709165563,
    "plate": 45.297087599633265
  },
  "prompt_sensitivity": 0.5604091832828413,
  "prompt_consistency": 0.4335154826958106,
  "per_prompt_normalized_error": {
    "point to the {label}.": 0.13169458788460048,
    "grasp the {label}.": 0.1360852548468088,
    "{label}.": 0.13763466123310508,
    "hold the {label}.": 0.1415167630203653,
    "point to where you would grasp this {label}.": 0.14192938968203517,
    "pick up the {label}.": 0.14303841894601474
  },
  "per_prompt_success_rate": {
    "point to the {label}.": 0.4371584699453552,
    "grasp the {label}.": 0.4644808743169399,
    "{label}.": 0.4207650273224044,
    "hold the {label}.": 0.44808743169398907,
    "point to where you would grasp this {label}.": 0.3825136612021858,
    "pick up the {label}.": 0.44808743169398907
  },
  "per_prompt_detection_rate": {
    "point to the {label}.": 0.9180327868852459,
    "grasp the {label}.": 0.9836065573770492,
    "{label}.": 0.8633879781420765,
    "hold the {label}.": 0.9836065573770492,
    "point to where you would grasp this {label}.": 0.8688524590163934,
    "pick up the {label}.": 0.9890710382513661
  }
}