{
  "split": "test",
  "best_prompt": "per_image_best",
  "success_rate": 0.060109289617486336,
  "mean_error": 267.0413317322405,
  "per_category_error": {
    "watch": 66.8556645,
    "spatula": 77.66328125,
    "umbrella": 98.03559325,
    "backpack": 107.92909875,
    "book": 113.98686475,
    "onion": 144.4441475,
    "scissor": 146.55138499999998,
    "mouse": 149.451529,
    "keys": 150.76203375,
    "notebook": 155.15555575000002,
    "tomato": 159.67665125000002,
    "egg": 164.8846255,
    "fork": 175.15422625,
    "stapler": 180.56631233333334,
    "laptop": 185.38438025,
    "glove": 188.99053825,
    "spoon": 189.04814199999998,
    "phone": 192.76657125,
    "hairbrush": 192.869473,
    "bottle": 201.48415475000002,
    "marker": 205.69977525000002,
    "shoe": 205.79010525,
    "plate": 205.97004099999998,
    "bowl": 223.03390525000003,
    "earbuds": 225.556783,
    "knife": 228.34425575,
    "t-shirt": 233.55656725,
    "kettle": 234.212694,
    "jar": 235.84966300000002,
    "calculator": 244.19396475,
    "mug": 248.914723,
    "remote": 251.29874175,
    "pen": 253.19680625,
    "sock": 270.4347735,
    "toothbrush": 307.470618,
    "pot": 321.21160725,
    "apple": 340.963345,
    "keyboard": 352.39903925,
    "wallet": 377.39285474999997,
    "basket": 382.3469795,
    "charger": 420.98838275,
    "headphones": 465.8776175,
    "tray": 498.89466374999995,
    "pan": 551.51836575,
    "tape": 560.361626,
    "bag": 606.98505725,
    "highlighter": 703.800102,
    "cup": 849.6397915000001
  }
}