{
  "split": "val",
  "best_prompt": "point",
  "success_rate": 0.1092896174863388,
  "per_prompt_error": {
    "point": 279.44155046994535
  },
  "per_category_error": {
    "hairbrush": 26.93641,
    "earbuds": 44.510028,
    "laptop": 78.85428625,
    "keys": 115.42170675,
    "wallet": 128.63544224999998,
    "fork": 128.72631775,
    "keyboard": 130.12368675,
    "headphones": 136.52641975,
    "tray": 137.2100645,
    "bag": 143.5331135,
    "knife": 144.60581925,
    "scissor": 148.666572,
    "backpack": 157.9306515,
    "t-shirt": 171.19881924999999,
    "sock": 173.6219525,
    "watch": 178.58524375,
    "apple": 184.68896525,
    "egg": 185.53632175,
    "basket": 189.8657605,
    "bottle": 197.031233,
    "remote": 200.6919725,
    "mug": 201.52656775,
    "cup": 209.90383574999998,
    "marker": 226.24300975,
    "charger": 228.77395925000002,
    "toothbrush": 240.76845125,
    "calculator": 245.6103215,
    "phone": 259.93944975,
    "onion": 265.71146775,
    "stapler": 270.90147,
    "shoe": 283.411496,
    "bowl": 296.83416124999997,
    "glove": 304.26948425,
    "kettle": 325.0312205,
    "pot": 357.34073350000006,
    "plate": 360.10857625,
    "book": 381.35232199999996,
    "spatula": 382.3925605,
    "tomato": 399.111965,
    "highlighter": 399.627086,
    "spoon": 431.26480575000005,
    "notebook": 451.91563874999997,
    "mouse": 511.7493232500001,
    "umbrella": 558.38294625,
    "pan": 564.6657615,
    "pen": 565.1651919999999,
    "tape": 659.203836,
    "jar": 810.2475092500001
  },
  "prompt_sensitivity": null,
  "prompt_consistency": null
}