{
  "split": "test",
  "best_prompt": "point",
  "success_rate": 0.060109289617486336,
  "per_prompt_error": {
    "point": 267.3026411202186
  },
  "per_category_error": {
    "watch": 66.94575875000001,
    "spatula": 77.67123675,
    "umbrella": 98.081309,
    "backpack": 108.01371825000001,
    "book": 114.049929,
    "onion": 144.4764775,
    "scissor": 146.56924175,
    "mouse": 149.48283475,
    "keys": 150.84588025,
    "notebook": 157.39914249999998,
    "tomato": 159.80481075,
    "egg": 164.903111,
    "fork": 175.1659885,
    "stapler": 180.76857833333335,
    "spoon": 189.09103199999998,
    "glove": 189.58731375000002,
    "laptop": 190.52687300000002,
    "hairbrush": 192.869473,
    "phone": 192.96051549999999,
    "bottle": 201.60546875,
    "marker": 205.72729375,
    "shoe": 205.80795275,
    "plate": 206.39369625,
    "bowl": 223.11440449999998,
    "earbuds": 225.618224,
    "knife": 228.56864525000003,
    "t-shirt": 234.03792325,
    "kettle": 234.2380135,
    "jar": 236.03614575,
    "calculator": 244.24174749999997,
    "mug": 248.94210525,
    "remote": 251.29874175,
    "pen": 253.23228650000001,
    "sock": 270.438025,
    "toothbrush": 307.4784645,
    "pot": 321.26976850000005,
    "apple": 341.08260925,
    "keyboard": 352.4913075,
    "wallet": 377.40334325000003,
    "basket": 382.62275999999997,
    "charger": 421.07432200000005,
    "headphones": 466.3120195,
    "tray": 498.895451,
    "pan": 551.5346895,
    "tape": 560.425825,
    "bag": 607.00358375,
    "highlighter": 703.800102,
    "cup": 849.69112525
  },
  "prompt_sensitivity": null,
  "prompt_consistency": null
}