{
  "split": "val",
  "best_prompt": "grasp",
  "success_rate": 0.08196721311475409,
  "per_prompt_error": {
    "grasp": 281.7660937704918
  },
  "per_category_error": {
    "hairbrush": 15.38423,
    "earbuds": 62.537325499999994,
    "bag": 81.12451,
    "laptop": 99.82024974999999,
    "keys": 120.6859125,
    "tray": 129.0404765,
    "knife": 132.89539575,
    "remote": 134.8442805,
    "egg": 145.18467950000002,
    "backpack": 149.3467435,
    "bottle": 153.699541,
    "toothbrush": 170.669746,
    "watch": 187.38976000000002,
    "cup": 190.044855,
    "wallet": 190.09007075,
    "sock": 191.253746,
    "scissor": 191.89721325,
    "fork": 199.33669525,
    "headphones": 201.03052375,
    "stapler": 202.28342833333332,
    "mug": 207.34226624999997,
    "apple": 209.72278675,
    "basket": 210.8589065,
    "onion": 219.505968,
    "t-shirt": 220.65466425,
    "keyboard": 222.03388775,
    "marker": 247.21251800000002,
    "charger": 249.626772,
    "phone": 282.33065324999995,
    "shoe": 285.738909,
    "bowl": 302.66118575,
    "calculator": 306.17902225,
    "kettle": 340.75185625000006,
    "spatula": 344.97286375,
    "glove": 352.8521275,
    "plate": 367.51359825000003,
    "mouse": 372.5000875,
    "tomato": 384.30020125,
    "pot": 393.297553,
    "highlighter": 401.657323,
    "book": 405.7871025,
    "spoon": 420.8292505,
    "umbrella": 497.3938585,
    "notebook": 517.8807127499999,
    "pen": 549.1584377500001,
    "pan": 565.87495625,
    "tape": 637.41653425,
    "jar": 820.806089
  },
  "prompt_sensitivity": null,
  "prompt_consistency": null
}