{
  "split": "test",
  "best_prompt": "per_image_best",
  "success_rate": 0.06557377049180328,
  "mean_error": 279.43446185245904,
  "per_category_error": {
    "spatula": 90.16692825,
    "umbrella": 92.44915825,
    "watch": 121.5687655,
    "backpack": 122.5786075,
    "book": 123.5894755,
    "stapler": 129.81164833333332,
    "tomato": 135.16940849999997,
    "onion": 143.493302,
    "mouse": 144.94606925,
    "keys": 148.3369535,
    "scissor": 149.99376750000002,
    "knife": 155.8271095,
    "egg": 167.95884475,
    "notebook": 175.42336475,
    "spoon": 187.79581174999998,
    "bottle": 188.36075375,
    "bowl": 189.03167975000002,
    "phone": 216.43845325,
    "hairbrush": 217.13488,
    "calculator": 219.54954450000002,
    "plate": 221.88981825000002,
    "shoe": 222.5446695,
    "earbuds": 225.26468749999998,
    "marker": 226.5312705,
    "pen": 229.45201225,
    "mug": 229.67001025000002,
    "t-shirt": 234.66496750000002,
    "laptop": 269.27921275,
    "remote": 270.89177374999997,
    "kettle": 288.4936395,
    "sock": 292.39980675000004,
    "fork": 302.48444474999997,
    "toothbrush": 304.34885575,
    "glove": 307.7150835,
    "wallet": 314.341086,
    "pot": 314.36396475000004,
    "charger": 343.1251215,
    "jar": 352.35680075,
    "basket": 358.83143624999997,
    "keyboard": 363.18629425,
    "apple": 368.28837024999996,
    "tray": 482.13174050000003,
    "tape": 500.796872,
    "pan": 502.81656150000003,
    "headphones": 607.68977425,
    "highlighter": 680.905309,
    "cup": 825.5406945,
    "bag": 843.1132232500001
  }
}