{
  "split": "val",
  "best_prompt": "point",
  "success_rate": 0.08196721311475409,
  "per_prompt_error": {
    "point": 326.78481767759564
  },
  "per_category_error": {
    "hairbrush": 37.751786,
    "earbuds": 98.9746065,
    "keys": 122.14609250000001,
    "tray": 132.78220225,
    "laptop": 162.8027505,
    "knife": 167.82221475,
    "bottle": 178.92449725,
    "watch": 188.22626050000002,
    "backpack": 189.658201,
    "wallet": 202.56380525,
    "highlighter": 214.131407,
    "egg": 222.477488,
    "apple": 224.184174,
    "bag": 229.28381625000003,
    "t-shirt": 229.61805775,
    "remote": 229.69469500000002,
    "headphones": 230.95651400000003,
    "basket": 241.5240905,
    "stapler": 243.96050833333334,
    "fork": 246.90065550000003,
    "cup": 252.06105275000002,
    "shoe": 252.52669874999998,
    "charger": 255.02116999999998,
    "sock": 256.82956724999997,
    "bowl": 262.80042975,
    "mug": 285.00216775,
    "onion": 302.61760575000005,
    "kettle": 322.98704925000004,
    "keyboard": 328.23725775,
    "notebook": 352.369566,
    "tomato": 354.233386,
    "calculator": 355.4879645,
    "toothbrush": 365.89403675,
    "mouse": 369.552866,
    "spatula": 377.22572875000003,
    "book": 394.3141445,
    "phone": 402.19116900000006,
    "pot": 404.89361175,
    "plate": 415.4499537500001,
    "scissor": 416.72880925,
    "marker": 418.60628549999996,
    "spoon": 436.45763999999997,
    "glove": 436.52739549999995,
    "umbrella": 486.54211000000004,
    "pan": 532.3837255,
    "tape": 710.7542225,
    "pen": 745.28269575,
    "jar": 962.4331009999999
  },
  "prompt_sensitivity": null,
  "prompt_consistency": null
}