{
  "split": "test",
  "best_prompt": "point to the {label}.",
  "success_rate": 0.32786885245901637,
  "per_prompt_error": {
    "point to the {label}.": 215.3543276734404
  },
  "per_category_error": {
    "mouse": 7.36389996749665,
    "remote": 15.663065630576526,
    "bottle": 28.70269904668939,
    "shoe": 34.138457223163584,
    "watch": 41.61617123963368,
    "egg": 50.383750341206145,
    "marker": 63.76213057810318,
    "spoon": 65.47567954022207,
    "fork": 70.18238307052225,
    "laptop": 71.6365228465065,
    "glove": 76.55756930851402,
    "backpack": 81.94068822959315,
    "pen": 86.4090254198618,
    "phone": 90.60516396044177,
    "toothbrush": 91.060377628686,
    "knife": 98.20611910627588,
    "umbrella": 101.01149063099102,
    "sock": 106.74156188716881,
    "bowl": 112.17229122384013,
    "mug": 112.36685882487033,
    "spatula": 127.94061627304707,
    "scissor": 130.72684968986312,
    "keys": 139.39018353409034,
    "onion": 146.04957353722253,
    "stapler": 152.1020854004037,
    "book": 155.4225072151072,
    "notebook": 158.15854865641094,
    "tomato": 177.93903382681543,
    "plate": 184.124978435648,
    "basket": 201.03562037888497,
    "jar": 205.63725894814456,
    "calculator": 215.81214905087762,
    "pot": 234.72572873423894,
    "kettle": 234.75292358146783,
    "wallet": 243.99628516308806,
    "t-shirt": 247.16087985819973,
    "keyboard": 269.31602935644236,
    "headphones": 283.7321818863758,
    "charger": 453.0719660133388,
    "earbuds": 471.28193493302837,
    "tray": 475.7356325560087,
    "apple": 490.16213643637604,
    "tape": 612.1175308016125,
    "bag": 660.5214132341895,
    "highlighter": 712.4916858209574,
    "cup": 713.7053186236249,
    "pan": 792.3358919634975,
    "hairbrush": null
  },
  "prompt_sensitivity": 5.111941525971827,
  "prompt_consistency": 0.3806921675774135
}