{
  "split": "test",
  "best_prompt": "hold the {label}.",
  "best_template_from_val": "point to the {label}.",
  "success_rate": 0.37158469945355194,
  "per_prompt_error": {
    "hold the {label}.": 199.14240571693645,
    "point to where you would grasp this {label}.": 201.82061225019254,
    "grasp the {label}.": 205.76128568869274,
    "pick up the {label}.": 206.5064654956128,
    "{label}.": 209.1569989116566,
    "point to the {label}.": 215.3543276734404
  },
  "per_category_error": {
    "remote": 12.932528282605512,
    "bottle": 28.237022922214006,
    "shoe": 34.1278581992633,
    "headphones": 47.64675033586965,
    "marker": 49.0009331033318,
    "egg": 51.77187240991659,
    "spatula": 56.41577130022805,
    "spoon": 65.34605967825148,
    "sock": 66.115744194771,
    "laptop": 71.58696206537938,
    "pen": 75.21273123774938,
    "scissor": 75.91347619786924,
    "glove": 77.88166652536282,
    "fork": 84.03035887995613,
    "watch": 84.89828549420588,
    "phone": 88.3165926632966,
    "knife": 97.84236993910615,
    "umbrella": 100.77047314409833,
    "stapler": 102.32149490712516,
    "keys": 102.96153361435277,
    "backpack": 105.1099763133014,
    "notebook": 108.0068863346869,
    "calculator": 109.67760463165637,
    "mug": 112.02935391957,
    "bowl": 112.14695598981673,
    "mouse": 136.4583086816053,
    "book": 155.50676820211442,
    "onion": 157.02328302460185,
    "basket": 201.05304185765738,
    "jar": 201.7923209069324,
    "kettle": 234.7815851116337,
    "wallet": 243.4973181024189,
    "t-shirt": 246.69864622202627,
    "hairbrush": 248.14408389326843,
    "tomato": 250.00858775710793,
    "pot": 253.36431522349662,
    "plate": 258.98253647540207,
    "keyboard": 267.34036520754864,
    "earbuds": 273.2142533312568,
    "toothbrush": 292.93046694970155,
    "charger": 295.25298773792434,
    "apple": 446.2439458929151,
    "tray": 476.20336932490665,
    "tape": 601.8838150304647,
    "bag": 660.1297498569933,
    "cup": 714.1803237408694,
    "pan": 793.4280262691991,
    "highlighter": null
  },
  "prompt_sensitivity": 47.42092115759541,
  "prompt_consistency": 25.329183085406935,
  "per_prompt_normalized_error": {
    "hold the {label}.": 0.11986464048917687,
    "point to where you would grasp this {label}.": 0.12236285636190332,
    "grasp the {label}.": 0.12294144126049233,
    "pick up the {label}.": 0.12452175978797389,
    "{label}.": 0.1281209418031567,
    "point to the {label}.": 0.12625134017557813
  },
  "per_prompt_success_rate": {
    "hold the {label}.": 0.37158469945355194,
    "point to where you would grasp this {label}.": 0.3333333333333333,
    "grasp the {label}.": 0.37158469945355194,
    "pick up the {label}.": 0.366120218579235,
    "{label}.": 0.3005464480874317,
    "point to the {label}.": 0.32786885245901637
  },
  "per_prompt_detection_rate": {
    "hold the {label}.": 0.9726775956284153,
    "point to where you would grasp this {label}.": 0.8688524590163934,
    "grasp the {label}.": 0.9836065573770492,
    "pick up the {label}.": 0.9508196721311475,
    "{label}.": 0.8524590163934426,
    "point to the {label}.": 0.8852459016393442
  }
}