{
  "split": "val",
  "best_prompt": "point to the {label}.",
  "success_rate": 0.3879781420765027,
  "per_prompt_error": {
    "point to the {label}.": 184.4730849499086,
    "grasp the {label}.": 185.38803956061884,
    "{label}.": 185.85212625732862,
    "hold the {label}.": 191.18882486432634,
    "point to where you would grasp this {label}.": 192.58729006883576,
    "pick up the {label}.": 198.9481489858626
  },
  "per_category_error": {
    "watch": 7.338364806045566,
    "mouse": 22.40340147470978,
    "hairbrush": 23.739794749034388,
    "remote": 30.448884717570664,
    "calculator": 32.62888154295392,
    "knife": 33.35610281987988,
    "keyboard": 38.96897718029338,
    "toothbrush": 44.610538097808856,
    "sock": 47.494302116020634,
    "headphones": 54.47120519384505,
    "laptop": 70.46252214497063,
    "marker": 77.35892746800313,
    "apple": 82.53013746825063,
    "pot": 90.7798332272413,
    "spoon": 91.85427062515976,
    "pen": 92.70833482335269,
    "highlighter": 98.15934643411707,
    "basket": 98.8585679797604,
    "wallet": 100.0489326722067,
    "bottle": 107.21663514841194,
    "earbuds": 108.00615893524426,
    "keys": 108.48960502709929,
    "umbrella": 117.00874527058261,
    "shoe": 118.43112478680764,
    "onion": 128.14063070698765,
    "kettle": 128.77919695623956,
    "cup": 128.85560490138408,
    "backpack": 131.94180831187512,
    "charger": 135.5601149974481,
    "t-shirt": 145.433969114649,
    "stapler": 152.10838072564954,
    "mug": 177.2611434422433,
    "tray": 181.08412117052873,
    "fork": 183.9447549031943,
    "spatula": 186.69314019026478,
    "notebook": 189.2360013594991,
    "phone": 222.0395729941374,
    "scissor": 229.2831156494743,
    "egg": 279.21537429183576,
    "bowl": 286.52710523889425,
    "plate": 363.0021752809513,
    "book": 379.14532109516244,
    "glove": 448.6458825673226,
    "pan": 475.1271531560954,
    "bag": 497.9459718136276,
    "tape": 519.2577339322102,
    "tomato": 619.8452153479627,
    "jar": 860.3586425515145
  },
  "prompt_sensitivity": 5.111941525971827,
  "prompt_consistency": 0.3806921675774135,
  "per_prompt_normalized_error": {
    "point to the {label}.": 0.13196613882458522,
    "grasp the {label}.": 0.1343561126592196,
    "{label}.": 0.13545896116134942,
    "hold the {label}.": 0.1400577530322042,
    "point to where you would grasp this {label}.": 0.14226615614339505,
    "pick up the {label}.": 0.14257951564251142
  },
  "per_prompt_success_rate": {
    "point to the {label}.": 0.3879781420765027,
    "grasp the {label}.": 0.41530054644808745,
    "{label}.": 0.34972677595628415,
    "hold the {label}.": 0.3879781420765027,
    "point to where you would grasp this {label}.": 0.34972677595628415,
    "pick up the {label}.": 0.39344262295081966
  },
  "per_prompt_detection_rate": {
    "point to the {label}.": 0.9180327868852459,
    "grasp the {label}.": 0.9836065573770492,
    "{label}.": 0.8633879781420765,
    "hold the {label}.": 0.9836065573770492,
    "point to where you would grasp this {label}.": 0.8743169398907104,
    "pick up the {label}.": 0.9890710382513661
  }
}