{
  "split": "val",
  "best_prompt": "point",
  "success_rate": 0.07650273224043716,
  "per_prompt_error": {
    "point": 322.1424368087432
  },
  "per_category_error": {
    "hairbrush": 16.334655,
    "earbuds": 70.03408999999999,
    "keys": 100.078548,
    "highlighter": 124.747417,
    "tray": 147.46374475,
    "laptop": 152.814921,
    "knife": 164.75109824999998,
    "bottle": 170.7341505,
    "backpack": 170.81574899999998,
    "watch": 209.68160975000004,
    "t-shirt": 214.2284055,
    "bag": 216.13997575000002,
    "sock": 225.3428095,
    "egg": 228.38604049999998,
    "charger": 228.78777725,
    "wallet": 229.3709235,
    "apple": 230.8010095,
    "basket": 231.58901674999998,
    "keyboard": 247.3536365,
    "stapler": 250.33754733333333,
    "remote": 251.53886225000002,
    "cup": 251.96392225,
    "bowl": 257.01685875,
    "fork": 262.23797025,
    "shoe": 264.6275085,
    "headphones": 275.25539875000004,
    "mug": 282.73718400000007,
    "onion": 284.33438800000005,
    "spatula": 312.31753925,
    "marker": 318.06065,
    "toothbrush": 345.63415024999995,
    "kettle": 346.13374500000003,
    "spoon": 347.76174875,
    "tomato": 357.1977855,
    "scissor": 361.004933,
    "notebook": 361.08178725,
    "glove": 368.93336750000003,
    "plate": 375.887098,
    "phone": 392.87101575,
    "calculator": 400.98319949999996,
    "pot": 436.8399665,
    "umbrella": 451.73214025000004,
    "book": 455.68965074999994,
    "mouse": 531.146649,
    "pan": 561.99502825,
    "tape": 713.7667005000001,
    "pen": 770.81854525,
    "jar": 972.0685515
  },
  "prompt_sensitivity": null,
  "prompt_consistency": null
}