{
  "split": "test",
  "best_prompt": "grasp",
  "success_rate": 0.060109289617486336,
  "per_prompt_error": {
    "grasp": 279.5397956885246
  },
  "per_category_error": {
    "spatula": 90.41995299999999,
    "umbrella": 92.494315,
    "watch": 121.58439175000001,
    "backpack": 122.67146449999998,
    "book": 123.5894755,
    "stapler": 129.81334566666666,
    "tomato": 135.29552999999999,
    "onion": 143.51578375,
    "mouse": 145.231268,
    "keys": 148.339505,
    "scissor": 150.111342,
    "knife": 156.208615,
    "egg": 168.33731125000003,
    "notebook": 175.48337899999999,
    "spoon": 187.858742,
    "bottle": 188.36133349999997,
    "bowl": 189.057356,
    "phone": 216.59517175,
    "hairbrush": 217.13488,
    "calculator": 220.11559499999998,
    "plate": 221.90411,
    "shoe": 222.56147375,
    "earbuds": 225.268347,
    "marker": 226.54217450000002,
    "pen": 229.4556275,
    "mug": 229.7287655,
    "t-shirt": 234.68143775000001,
    "laptop": 269.495684,
    "remote": 271.069925,
    "kettle": 288.72448725,
    "sock": 292.4020615,
    "fork": 302.511526,
    "toothbrush": 304.35434,
    "glove": 307.7439655,
    "wallet": 314.34337075,
    "pot": 314.38031700000005,
    "charger": 343.1251215,
    "jar": 352.4547175,
    "basket": 358.84062525,
    "keyboard": 363.44660525,
    "apple": 368.67363750000004,
    "tray": 482.152652,
    "tape": 500.8226375,
    "pan": 502.9146405,
    "headphones": 607.69358175,
    "highlighter": 680.905309,
    "cup": 825.976292,
    "bag": 843.1711140000001
  },
  "prompt_sensitivity": null,
  "prompt_consistency": null
}