{
  "split": "test",
  "best_prompt": "per_image_best",
  "success_rate": 0.02185792349726776,
  "per_prompt_error": {
    "per_image_best": 320.6696275355191
  },
  "per_category_error": {
    "spatula": 112.173358,
    "mouse": 139.10320875,
    "umbrella": 144.980138,
    "onion": 145.7735255,
    "tomato": 146.1385045,
    "stapler": 164.180543,
    "keys": 177.00288575,
    "shoe": 178.0364705,
    "book": 186.78981274999998,
    "egg": 199.39614225,
    "remote": 211.96996925000002,
    "spoon": 214.46655225,
    "watch": 221.07515825,
    "calculator": 234.85986325,
    "notebook": 235.39980975000003,
    "phone": 240.87733500000002,
    "knife": 241.2253355,
    "scissor": 244.65007475,
    "backpack": 249.19368375,
    "bowl": 257.09199925,
    "jar": 258.73972649999996,
    "t-shirt": 261.95258875,
    "mug": 266.13718274999997,
    "plate": 266.76124775,
    "laptop": 275.56217325,
    "bottle": 277.1845275,
    "hairbrush": 286.86137,
    "wallet": 287.18737899999996,
    "sock": 287.95027925,
    "kettle": 323.28032375,
    "fork": 325.066502,
    "marker": 327.243308,
    "earbuds": 342.5664585,
    "glove": 345.58940975,
    "pen": 354.58230525,
    "basket": 383.18154725000005,
    "toothbrush": 405.84332800000004,
    "pot": 406.42229100000003,
    "keyboard": 408.7974195,
    "headphones": 459.88354275,
    "apple": 490.70616249999995,
    "charger": 494.50063475,
    "tape": 502.63375325,
    "highlighter": 570.69151,
    "tray": 595.9740292500001,
    "bag": 755.1291345,
    "pan": 764.91030725,
    "cup": 856.40567275
  },
  "prompt_sensitivity": null,
  "prompt_consistency": null
}