{
  "split": "test",
  "best_prompt": "point",
  "success_rate": 0.01639344262295082,
  "per_prompt_error": {
    "point": 323.3163985136612
  },
  "per_category_error": {
    "spatula": 112.50154699999999,
    "mouse": 141.2134345,
    "umbrella": 145.78827775,
    "onion": 147.48379875,
    "tomato": 156.34715749999998,
    "stapler": 166.26039733333332,
    "keys": 177.05821825,
    "shoe": 178.0364705,
    "book": 187.036546,
    "egg": 209.05375875,
    "spoon": 215.85060125,
    "remote": 216.407978,
    "watch": 221.07515825,
    "calculator": 236.20504449999999,
    "notebook": 239.43034675,
    "phone": 241.575036,
    "knife": 242.35358025000002,
    "scissor": 246.533879,
    "backpack": 249.19368375,
    "bowl": 257.224271,
    "jar": 258.74210625,
    "t-shirt": 264.311513,
    "mug": 267.2426355,
    "plate": 269.77477875,
    "bottle": 278.167185,
    "laptop": 281.37773625000005,
    "hairbrush": 286.86137,
    "sock": 287.95027925,
    "wallet": 289.32199325,
    "kettle": 324.35224700000003,
    "marker": 328.39691425,
    "fork": 329.19411225,
    "earbuds": 343.2495655,
    "glove": 350.54974625,
    "pen": 355.9100275,
    "basket": 384.5404485,
    "pot": 406.42229100000003,
    "keyboard": 410.195206,
    "toothbrush": 410.54927875,
    "headphones": 462.24728625,
    "charger": 495.45405300000004,
    "apple": 499.7609325,
    "tape": 510.77393900000004,
    "highlighter": 577.223576,
    "tray": 603.0381065,
    "bag": 757.53325225,
    "pan": 775.2914,
    "cup": 857.91765875
  },
  "prompt_sensitivity": null,
  "prompt_consistency": null
}