{
  "split": "test",
  "best_prompt": "hold the {label}.",
  "best_template_from_val": "point to the {label}.",
  "success_rate": 0.4972677595628415,
  "per_prompt_error": {
    "hold the {label}.": 17.15033267682427,
    "point to where you would grasp this {label}.": 17.47502403713813,
    "grasp the {label}.": 17.633884183456665,
    "pick up the {label}.": 17.92463057525894,
    "point to the {label}.": 18.24470332225122,
    "{label}.": 18.2979064519942
  },
  "per_category_error": {
    "remote": 1.1140439630149757,
    "headphones": 4.223878484060348,
    "egg": 4.779933265742741,
    "bottle": 4.877380846812469,
    "laptop": 6.378085011643485,
    "backpack": 6.9215237932963385,
    "pen": 7.040006081902136,
    "knife": 7.52041141149529,
    "watch": 7.838475128401627,
    "phone": 7.9056161219988565,
    "fork": 8.012682649813806,
    "shoe": 8.290882003404333,
    "spoon": 9.8378783672284,
    "notebook": 9.97182880026278,
    "calculator": 10.774390843377091,
    "glove": 10.978141604695747,
    "mug": 11.465061766010253,
    "spatula": 11.797333319096303,
    "marker": 11.82334726834336,
    "mouse": 12.348009317771549,
    "scissor": 13.59321583311286,
    "stapler": 15.059247433915509,
    "sock": 16.79979161829839,
    "keys": 17.04470870935237,
    "basket": 17.19331571242664,
    "umbrella": 17.20998950131931,
    "jar": 17.602368516439068,
    "cup": 17.6376747157642,
    "tomato": 18.076461594904796,
    "bowl": 18.373590248863383,
    "keyboard": 19.70999429825885,
    "toothbrush": 19.85994276378042,
    "wallet": 21.342237562171533,
    "book": 24.175673005861043,
    "bag": 24.41614935084299,
    "tray": 24.483950639672244,
    "kettle": 27.35009697453829,
    "charger": 28.545056926120914,
    "earbuds": 28.75111029154563,
    "pot": 28.97438186130442,
    "t-shirt": 29.312515753064556,
    "tape": 33.003178803922076,
    "apple": 33.59022484369419,
    "pan": 34.87586364394513,
    "plate": 36.05471371674217,
    "onion": 36.297961884756695,
    "hairbrush": 37.3607603779102,
    "highlighter": null
  },
  "prompt_sensitivity": 4.576582670930244,
  "prompt_consistency": 2.3882774016373967,
  "per_prompt_normalized_error": {
    "hold the {label}.": 0.12127116535387673,
    "point to where you would grasp this {label}.": 0.12356707998058288,
    "grasp the {label}.": 0.12469039084780413,
    "pick up the {label}.": 0.12674627830029322,
    "point to the {label}.": 0.12900953439900567,
    "{label}.": 0.12938573733722178
  },
  "per_prompt_success_rate": {
    "hold the {label}.": 0.4972677595628415,
    "point to where you would grasp this {label}.": 0.4644808743169399,
    "grasp the {label}.": 0.5081967213114754,
    "pick up the {label}.": 0.4918032786885246,
    "point to the {label}.": 0.4426229508196721,
    "{label}.": 0.43169398907103823
  },
  "per_prompt_detection_rate": {
    "hold the {label}.": 0.9726775956284153,
    "point to where you would grasp this {label}.": 0.8688524590163934,
    "grasp the {label}.": 0.9836065573770492,
    "pick up the {label}.": 0.9508196721311475,
    "point to the {label}.": 0.8852459016393442,
    "{label}.": 0.8524590163934426
  }
}