{
  "split": "test",
  "best_prompt": "point to the {label}.",
  "success_rate": 0.4426229508196721,
  "per_prompt_error": {
    "point to the {label}.": 18.24470332225122
  },
  "per_category_error": {
    "mouse": 1.0820264707160259,
    "remote": 1.3393920585110366,
    "egg": 4.681246340080444,
    "bottle": 4.951530328770308,
    "backpack": 5.330483922846827,
    "fork": 5.783708218091227,
    "watch": 5.861269313723441,
    "laptop": 6.394023209061956,
    "knife": 7.549140845282857,
    "phone": 8.096937183397369,
    "pen": 8.15429485137181,
    "shoe": 8.303525033834697,
    "spoon": 9.839352572607503,
    "glove": 10.88881581659825,
    "toothbrush": 11.163932234140859,
    "tomato": 11.26083107372832,
    "mug": 11.480583265876689,
    "marker": 15.531362431200131,
    "apple": 16.931584727863722,
    "basket": 17.175542727325663,
    "umbrella": 17.259726661195348,
    "cup": 17.698481074929227,
    "bowl": 18.35054052593327,
    "keys": 19.662400558475625,
    "keyboard": 19.79383160207671,
    "calculator": 20.682499914959084,
    "wallet": 21.348538528517704,
    "stapler": 22.417652925865152,
    "notebook": 22.484309959657626,
    "scissor": 22.554012024969733,
    "jar": 23.304326832795475,
    "plate": 23.774053639158808,
    "headphones": 24.124660837912263,
    "book": 24.147032200258646,
    "bag": 24.42710895650148,
    "tray": 24.476334199740883,
    "kettle": 27.335038386449526,
    "sock": 27.5665558844189,
    "pot": 27.811284224933505,
    "charger": 27.8622317425559,
    "t-shirt": 29.41776492873052,
    "spatula": 29.778455630486864,
    "onion": 31.61156957431948,
    "tape": 33.69389079590887,
    "pan": 34.87658132580102,
    "highlighter": 46.267643383024705,
    "earbuds": 52.43759777255486,
    "hairbrush": null
  },
  "prompt_sensitivity": 0.5604091832828413,
  "prompt_consistency": 0.4335154826958106
}